Sl,DATE,CSUSHPISA,Year,Month,capita_GDP,Working_age_pop,Houses,CPI,median_income,Subsidy,Num_Households,EmpRate,UNRATE,Cons_material,FEDFUNDS,urban_pop_us,old_age_pop
1,2003-01-01,128.461,2003,1,50462,185635346.4,4,182.6,65860,25.93,111278,71.5898308,5.8,144.4,1.01,79.6,12.3
2,2003-02-01,129.355,2003,2,50462,185869692.3,4.5,183.6,65860,25.93,111278,71.5214305,5.9,145.2,1.01,79.6,12.3
3,2003-03-01,130.148,2003,3,50462,186085118.2,4.1,183.9,65860,25.93,111278,71.3975667,5.9,145.2,1.01,79.6,12.3
4,2003-04-01,130.884,2003,4,50796,186470754,4.1,183.2,65860,25.93,111278,71.377392,6,145.9,1.01,79.6,12.3
5,2003-05-01,131.735,2003,5,50796,186649078,3.9,182.9,65860,25.93,111278,71.2130672,6.1,145.8,1.01,79.6,12.3
6,2003-06-01,132.649,2003,6,50796,186800679.6,3.5,183.1,65860,25.93,111278,71.2150311,6.3,146.1,1.01,79.6,12.3
7,2003-07-01,133.777,2003,7,51512,187066500.3,3.6,183.7,65860,25.93,111278,70.9894875,6.2,147,1.01,79.6,12.3
8,2003-08-01,134.969,2003,8,51512,187304009.5,3.5,184.5,65860,25.93,111278,71.0034032,6.1,147.2,1.03,79.6,12.3
9,2003-09-01,136.294,2003,9,51512,187538981.3,3.8,185.1,65860,25.93,111278,70.9197284,6.1,149,1.01,79.6,12.3
10,2003-10-01,137.531,2003,10,51986,187738514.8,3.8,184.9,65860,25.93,111278,71.0564642,6,149.6,1.01,79.6,12.3
11,2003-11-01,138.794,2003,11,51986,187972351.6,4.1,185,65860,25.93,111278,71.1383936,5.8,150.2,1,79.6,12.3
12,2003-12-01,140.179,2003,12,51986,188136094.9,4,185.5,65860,25.93,111278,71.1176271,5.7,149.7,0.98,79.6,12.3
13,2004-01-01,141.646,2004,1,52179,187688839.5,3.8,186.3,65760,27.201,112000,71.2786515,5.7,150,1,79.8,12.3
14,2004-02-01,143.192,2004,2,52179,187876003,3.7,186.7,65760,27.201,112000,71.2096565,5.6,153.4,1.01,79.8,12.3
15,2004-03-01,145.059,2004,3,52179,188058175.6,3.6,187.1,65760,27.201,112000,71.0496156,5.8,156.5,1,79.8,12.3
16,2004-04-01,146.593,2004,4,52469,188320660.9,4,187.4,65760,27.201,112000,71.1815859,5.6,160.1,1,79.8,12.3
17,2004-05-01,148.186,2004,5,52469,188475226.1,3.8,188.2,65760,27.201,112000,71.1321322,5.6,162.7,1,79.8,12.3
18,2004-06-01,149.85,2004,6,52469,188689296.3,3.9,188.9,65760,27.201,112000,71.1064223,5.6,162,1.03,79.8,12.3
19,2004-07-01,151.338,2004,7,52835,188839779.7,4.5,189.1,65760,27.201,112000,71.3043501,5.5,162.2,1.26,79.8,12.3
20,2004-08-01,152.633,2004,8,52835,189070874.2,4.3,189.2,65760,27.201,112000,71.2649446,5.4,165.9,1.43,79.8,12.3
21,2004-09-01,154.179,2004,9,52835,189216972.4,4.1,189.8,65760,27.201,112000,71.1524423,5.4,167.2,1.61,79.8,12.3
22,2004-10-01,155.75,2004,10,53242,189444451,3.9,190.8,65760,27.201,112000,71.2243362,5.5,165.9,1.76,79.8,12.3
23,2004-11-01,157.527,2004,11,53242,189655307.8,4.3,191.7,65760,27.201,112000,71.3632474,5.4,165.5,1.93,79.8,12.3
24,2004-12-01,159.33,2004,12,53242,189811053.4,4.1,191.7,65760,27.201,112000,71.2996944,5.4,166.3,2.16,79.8,12.3
25,2005-01-01,161.288,2005,1,53719,189990144.5,4.4,191.6,66780,27.651,113343,71.310242,5.3,168.6,2.28,79.9,12.4
26,2005-02-01,163.344,2005,2,53719,190144602.9,4.3,192.4,66780,27.651,113343,71.2243609,5.4,170.4,2.5,79.9,12.4
27,2005-03-01,165.812,2005,3,53719,190460726.5,4.1,193.1,66780,27.651,113343,71.2653349,5.2,170,2.63,79.9,12.4
28,2005-04-01,167.501,2005,4,53868,190466075.8,4.3,193.7,66780,27.651,113343,71.4366368,5.2,170,2.79,79.9,12.4
29,2005-05-01,169.351,2005,5,53868,190709890.6,4.2,193.6,66780,27.651,113343,71.5286189,5.1,168.1,3,79.9,12.4
30,2005-06-01,171.19,2005,6,53868,190962474.6,4.3,193.7,66780,27.651,113343,71.4943496,5,167.8,3.04,79.9,12.4
31,2005-07-01,172.86,2005,7,54153,191114390,4.2,194.9,66780,27.651,113343,71.6283103,5,167.2,3.26,79.9,12.4
32,2005-08-01,174.442,2005,8,54153,191266452.9,4.5,196.1,66780,27.651,113343,71.8245413,4.9,165.9,3.5,79.9,12.4
33,2005-09-01,176.438,2005,9,54153,191438220.9,4.7,198.8,66780,27.651,113343,71.6872178,5,168.9,3.62,79.9,12.4
34,2005-10-01,178.028,2005,10,54317,191655197.5,4.5,199.1,66780,27.651,113343,71.6939358,5,171.6,3.78,79.9,12.4
35,2005-11-01,179.68,2005,11,54317,191932856.8,5,198.1,66780,27.651,113343,71.5572693,5,172.7,4,79.9,12.4
36,2005-12-01,180.91,2005,12,54317,192145684.5,4.9,198.1,66780,27.651,113343,71.6271439,4.9,173.5,4.16,79.9,12.4
37,2006-01-01,182.321,2006,1,54927,192351175.1,5.3,199.3,67520,28.604,114384,71.6904416,4.7,177.2,4.29,80.1,12.4
38,2006-02-01,183.287,2006,2,54927,192542751.5,6.1,199.4,67520,28.604,114384,71.7741107,4.8,177.7,4.49,80.1,12.4
39,2006-03-01,184.364,2006,3,54927,192688879.1,5.9,199.7,67520,28.604,114384,71.8419446,4.7,178.3,4.59,80.1,12.4
40,2006-04-01,184.329,2006,4,54945,192814750.6,6.3,200.7,67520,28.604,114384,71.7893799,4.7,179,4.79,80.1,12.4
41,2006-05-01,184.156,2006,5,54945,192912759.2,6.2,201.3,67520,28.604,114384,71.8685711,4.6,179.9,4.94,80.1,12.4
42,2006-06-01,183.507,2006,6,54945,193147767,6.3,201.8,67520,28.604,114384,72.0065889,4.6,180.7,4.99,80.1,12.4
43,2006-07-01,183.068,2006,7,54886,193315277.7,7.3,202.9,67520,28.604,114384,72.0068689,4.7,182.3,5.24,80.1,12.4
44,2006-08-01,182.594,2006,8,54886,193456234.3,6.7,203.8,67520,28.604,114384,72.096588,4.7,182.6,5.25,80.1,12.4
45,2006-09-01,182.798,2006,9,54886,193556767.6,6.7,202.8,67520,28.604,114384,72.0511849,4.5,183.3,5.25,80.1,12.4
46,2006-10-01,183.198,2006,10,55216,193703230.1,7.3,201.9,67520,28.604,114384,72.243298,4.4,182.3,5.25,80.1,12.4
47,2006-11-01,183.609,2006,11,55216,193949729.6,6.6,202,67520,28.604,114384,72.1792514,4.5,179.8,5.25,80.1,12.4
48,2006-12-01,184.139,2006,12,55216,194181587.9,6.5,203.1,67520,28.604,114384,72.3254781,4.4,179.8,5.24,80.1,12.4
49,2007-01-01,184.517,2007,1,55260,194951758.8,7.2,203.437,68610,29.512,116011,72.1387387,4.6,181.1,5.25,80.3,12.5
50,2007-02-01,184.598,2007,2,55260,195126741.7,7.9,204.226,68610,29.512,116011,71.9753983,4.5,181.5,5.26,80.3,12.5
51,2007-03-01,184.15,2007,3,55260,195232594.4,7.9,205.288,68610,29.512,116011,72.0189908,4.4,182.5,5.26,80.3,12.5
52,2007-04-01,183.01,2007,4,55474,195285473.9,7.4,205.904,68610,29.512,116011,71.704823,4.5,183.7,5.25,80.3,12.5
53,2007-05-01,181.6,2007,5,55474,195378957.8,7.8,206.755,68610,29.512,116011,71.7522691,4.4,184,5.25,80.3,12.5
54,2007-06-01,180.254,2007,6,55474,195626532,8.2,207.234,68610,29.512,116011,71.7692267,4.6,184,5.25,80.3,12.5
55,2007-07-01,179.111,2007,7,55649,195763504.1,8.3,207.603,68610,29.512,116011,71.7336353,4.7,184.2,5.26,80.3,12.5
56,2007-08-01,178.116,2007,8,55649,195850812.9,9.2,207.667,68610,29.512,116011,71.5659433,4.6,183.9,5.02,80.3,12.5
57,2007-09-01,177.558,2007,9,55649,195981075.2,9.2,208.547,68610,29.512,116011,71.6985817,4.7,183.4,4.94,80.3,12.5
58,2007-10-01,176.624,2007,10,55857,196079324.8,8.5,209.19,68610,29.512,116011,71.5802282,4.7,183,4.76,80.3,12.5
59,2007-11-01,175.147,2007,11,55857,196221924.6,9.4,210.834,68610,29.512,116011,71.7771452,4.7,183.3,4.49,80.3,12.5
60,2007-12-01,174.342,2007,12,55857,196456046.6,9.6,211.445,68610,29.512,116011,71.5533228,5,183.5,4.24,80.3,12.5
61,2008-01-01,173.132,2008,1,55497,196086885.6,9.3,212.174,66280,29.876,116783,71.6780842,5,184.3,3.94,80.4,12.7
62,2008-02-01,171.541,2008,2,55497,196234597,9.7,212.687,66280,29.876,116783,71.4352687,4.9,185.7,2.98,80.4,12.7
63,2008-03-01,170.053,2008,3,55497,196399720.7,10.5,213.448,66280,29.876,116783,71.4056941,5.1,187.8,2.61,80.4,12.7
64,2008-04-01,168.338,2008,4,55705,196185184,10.3,213.942,66280,29.876,116783,71.4269591,5,190.9,2.28,80.4,12.7
65,2008-05-01,166.659,2008,5,55705,196465025.8,10.7,215.208,66280,29.876,116783,71.2029166,5.4,195.8,1.98,80.4,12.7
66,2008-06-01,165.017,2008,6,55705,196572840,10.7,217.463,66280,29.876,116783,71.1270534,5.6,200.4,2,80.4,12.7
67,2008-07-01,163.566,2008,7,55278,196675087.1,10.5,219.016,66280,29.876,116783,70.9370722,5.8,203.4,2.01,80.4,12.7
68,2008-08-01,161.987,2008,8,55278,196811699.2,11.3,218.69,66280,29.876,116783,70.7191731,6.1,206.5,2,80.4,12.7
69,2008-09-01,160.308,2008,9,55278,196983627.4,10.9,218.877,66280,29.876,116783,70.5411581,6.1,206.3,1.81,80.4,12.7
70,2008-10-01,158.327,2008,10,53941,197148227.5,11.6,216.995,66280,29.876,116783,70.3948861,6.5,201.8,0.97,80.4,12.7
71,2008-11-01,156.142,2008,11,53941,197282903,11.4,213.153,66280,29.876,116783,69.9482092,6.8,199.6,0.39,80.4,12.7
72,2008-12-01,153.619,2008,12,53941,197450630.7,11.2,211.398,66280,29.876,116783,69.5581448,7.3,194.8,0.16,80.4,12.7
73,2009-01-01,151.507,2009,1,53221,196957168.1,12.2,211.933,65850,32.883,117181,69.023876,7.8,193.3,0.15,80.6,12.9
74,2009-02-01,150.015,2009,2,53221,197130254.3,10.5,212.705,65850,32.883,117181,68.7232746,8.3,191.2,0.22,80.6,12.9
75,2009-03-01,148.66,2009,3,53221,197296740.8,11,212.495,65850,32.883,117181,68.2115245,8.7,190.2,0.18,80.6,12.9
76,2009-04-01,147.949,2009,4,53017,197765218.6,10.7,212.709,65850,32.883,117181,68.1172433,9,188.1,0.15,80.6,12.9
77,2009-05-01,147.694,2009,5,53017,197891891.9,9.3,213.022,65850,32.883,117181,67.7647161,9.4,186.9,0.18,80.6,12.9
78,2009-06-01,148.09,2009,6,53017,197604115.3,8.5,214.79,65850,32.883,117181,67.8095175,9.5,187.1,0.21,80.6,12.9
79,2009-07-01,148.41,2009,7,53081,197767457.7,7.9,214.726,65850,32.883,117181,67.6995898,9.5,187.6,0.16,80.6,12.9
80,2009-08-01,148.278,2009,8,53081,198115216.6,7.5,215.445,65850,32.883,117181,67.3295647,9.6,188.1,0.16,80.6,12.9
81,2009-09-01,148.025,2009,9,53081,198362395.5,7.8,215.861,65850,32.883,117181,66.8823734,9.8,189.3,0.15,80.6,12.9
82,2009-10-01,147.85,2009,10,53531,198618566.7,7.4,216.509,65850,32.883,117181,66.6075463,10,189.7,0.12,80.6,12.9
83,2009-11-01,148.134,2009,11,53531,198613900.5,7.6,217.234,65850,32.883,117181,66.676049,9.9,189.2,0.12,80.6,12.9
84,2009-12-01,147.929,2009,12,53531,198622777.2,8,217.347,65850,32.883,117181,66.4107351,9.9,189.4,0.12,80.6,12.9
85,2010-01-01,147.396,2010,1,53683,198064131.6,8.1,217.488,64300,32.669,117538,66.7494353,9.8,190.3,0.11,80.8,13.0
86,2010-02-01,145.631,2010,2,53683,198328301,8.3,217.281,64300,32.669,117538,66.7077289,9.8,192.2,0.13,80.8,13.0
87,2010-03-01,145.859,2010,3,53683,198648956.1,7.1,217.353,64300,32.669,117538,66.7296748,9.9,193.7,0.16,80.8,13.0
88,2010-04-01,146.403,2010,4,54100,199116837.5,6.2,217.403,64300,32.669,117538,66.8651606,9.9,196.5,0.2,80.8,13.0
89,2010-05-01,146.394,2010,5,54100,199225487.9,9.3,217.29,64300,32.669,117538,66.7556706,9.6,198.9,0.2,80.8,13.0
90,2010-06-01,145.721,2010,6,54100,198999262.4,8.3,217.199,64300,32.669,117538,66.7507599,9.4,197.2,0.18,80.8,13.0
91,2010-07-01,144.991,2010,7,54401,199105074.4,8.9,217.605,64300,32.669,117538,66.7321375,9.4,195.6,0.18,80.8,13.0
92,2010-08-01,143.916,2010,8,54401,199360082.2,8.8,217.923,64300,32.669,117538,66.7828515,9.5,194.1,0.19,80.8,13.0
93,2010-09-01,143.019,2010,9,54401,199591386.9,7.6,218.275,64300,32.669,117538,66.6609393,9.5,193.9,0.19,80.8,13.0
94,2010-10-01,142.531,2010,10,54569,199860410,8.2,219.035,64300,32.669,117538,66.4640349,9.4,193.8,0.19,80.8,13.0
95,2010-11-01,142.173,2010,11,54569,199933840,8.2,219.59,64300,32.669,117538,66.3729151,9.8,193.6,0.19,80.8,13.0
96,2010-12-01,142.06,2010,12,54569,199961557.4,7,220.472,64300,32.669,117538,66.4943562,9.3,194.2,0.18,80.8,13.0
97,2011-01-01,141.521,2011,1,54341,199070588.3,7.3,221.187,63350,34.23,119927,66.6800216,9.1,195.9,0.17,80.9,13.3
98,2011-02-01,140.35,2011,2,54341,199328475.3,8.1,221.898,63350,34.23,119927,66.5978108,9,198.1,0.16,80.9,13.3
99,2011-03-01,139.981,2011,3,54341,199524091.2,7.2,223.046,63350,34.23,119927,66.6850549,9,199.7,0.14,80.9,13.3
100,2011-04-01,140.01,2011,4,54610,199950702.5,6.7,224.093,63350,34.23,119927,66.5363414,9.1,201.1,0.1,80.9,13.3
101,2011-05-01,139.905,2011,5,54610,200048232.6,6.6,224.806,63350,34.23,119927,66.5361599,9,201.6,0.09,80.9,13.3
102,2011-06-01,139.862,2011,6,54610,199917201.4,6.6,224.806,63350,34.23,119927,66.4123364,9.1,201.9,0.09,80.9,13.3
103,2011-07-01,139.73,2011,7,54482,200019712.8,6.7,225.395,63350,34.23,119927,66.4009567,9,202.6,0.07,80.9,13.3
104,2011-08-01,139.309,2011,8,54482,200121131.3,6.5,226.106,63350,34.23,119927,66.6642257,9,202.8,0.1,80.9,13.3
105,2011-09-01,138.668,2011,9,54482,200261981.8,6.3,226.597,63350,34.23,119927,66.6879352,9,202.7,0.08,80.9,13.3
106,2011-10-01,137.952,2011,10,54979,200456315.2,6,226.75,63350,34.23,119927,66.6716572,8.8,202.7,0.07,80.9,13.3
107,2011-11-01,137.152,2011,11,54979,200414593.2,5.7,227.169,63350,34.23,119927,66.8219079,8.6,202.2,0.08,80.9,13.3
108,2011-12-01,136.674,2011,12,54979,200418323.2,5.3,227.223,63350,34.23,119927,66.8562642,8.5,202.2,0.07,80.9,13.3
109,2012-01-01,136.607,2012,1,55342,201012879.3,5.3,227.842,63350,33.283,121084,66.928301,8.3,203.9,0.08,81.1,13.6
110,2012-02-01,136.533,2012,2,55342,201108274,4.8,228.329,63350,33.283,121084,66.9654006,8.3,205.1,0.1,81.1,13.6
111,2012-03-01,137.904,2012,3,55342,201199800.5,4.9,228.807,63350,33.283,121084,66.9872802,8.2,205.7,0.13,81.1,13.6
112,2012-04-01,139.154,2012,4,55490,201473874.8,4.9,229.187,63350,33.283,121084,66.9190447,8.2,206.3,0.14,81.1,13.6
113,2012-05-01,140.155,2012,5,55490,201512387.2,4.7,228.713,63350,33.283,121084,67.0608247,8.2,206.5,0.16,81.1,13.6
114,2012-06-01,141.029,2012,6,55490,201442086,4.8,228.524,63350,33.283,121084,67.1279634,8.2,206.6,0.16,81.1,13.6
115,2012-07-01,141.669,2012,7,55454,201434361.6,4.6,228.59,63350,33.283,121084,67.0465819,8.2,206.2,0.16,81.1,13.6
116,2012-08-01,142.279,2012,8,55454,201503946.7,4.6,229.918,63350,33.283,121084,67.0006546,8.1,205.5,0.13,81.1,13.6
117,2012-09-01,142.908,2012,9,55454,201622437,4.5,231.015,63350,33.283,121084,67.3148353,7.8,206.6,0.14,81.1,13.6
118,2012-10-01,143.6,2012,10,55403,201721747.3,4.9,231.638,63350,33.283,121084,67.5011071,7.8,205.5,0.16,81.1,13.6
119,2012-11-01,144.585,2012,11,55403,201770072,4.6,231.249,63350,33.283,121084,67.2839883,7.7,205.6,0.16,81.1,13.6
120,2012-12-01,145.503,2012,12,55403,201889077.5,4.5,231.221,63350,33.283,121084,67.2985332,7.9,206.4,0.16,81.1,13.6
121,2013-01-01,146.827,2013,1,55859,201739926.7,4,231.679,65740,33.213,122459,67.2588248,8,208.4,0.14,81.3,13.9
122,2013-02-01,147.785,2013,2,55859,201879587.8,4.1,232.937,65740,33.213,122459,67.2431254,7.7,209.1,0.15,81.3,13.9
123,2013-03-01,149.963,2013,3,55859,202092974.7,4.2,232.282,65740,33.213,122459,67.1776165,7.5,209.8,0.14,81.3,13.9
124,2013-04-01,151.519,2013,4,55914,202114604.5,4.4,231.797,65740,33.213,122459,67.2680096,7.6,210.7,0.15,81.3,13.9
125,2013-05-01,152.85,2013,5,55914,202300530.3,4.6,231.893,65740,33.213,122459,67.3398718,7.5,209.5,0.11,81.3,13.9
126,2013-06-01,154.199,2013,6,55914,202335339.6,4.1,232.445,65740,33.213,122459,67.3654648,7.5,208.8,0.09,81.3,13.9
127,2013-07-01,155.604,2013,7,56272,202343929.3,5.5,232.9,65740,33.213,122459,67.4878986,7.3,208.3,0.09,81.3,13.9
128,2013-08-01,156.965,2013,8,56272,202433138.9,5.5,233.456,65740,33.213,122459,67.4145679,7.2,208.9,0.08,81.3,13.9
129,2013-09-01,158.227,2013,9,56272,202607857.4,5.4,233.544,65740,33.213,122459,67.4709674,7.2,208.9,0.08,81.3,13.9
130,2013-10-01,159.242,2013,10,56642,202635928.4,4.9,233.669,65740,33.213,122459,67.1354185,7.2,209.3,0.09,81.3,13.9
131,2013-11-01,160.074,2013,11,56642,202701720.3,5,234.1,65740,33.213,122459,67.4502087,6.9,209.8,0.08,81.3,13.9
132,2013-12-01,160.994,2013,12,56642,202726176.2,5.2,234.719,65740,33.213,122459,67.5408473,6.7,209.8,0.09,81.3,13.9
133,2014-01-01,161.927,2014,1,56345,202493411.9,5.1,235.288,64900,33.806,123229,67.7122292,6.6,211.7,0.07,81.5,14.1
134,2014-02-01,162.526,2014,2,56345,202561070.7,5.3,235.547,64900,33.806,123229,67.6852266,6.7,212.7,0.07,81.5,14.1
135,2014-03-01,163.086,2014,3,56345,202693607,5.6,236.028,64900,33.806,123229,67.9189274,6.7,213.4,0.08,81.5,14.1
136,2014-04-01,163.393,2014,4,56968,202799483.7,5.7,236.468,64900,33.806,123229,67.9355679,6.2,213.6,0.09,81.5,14.1
137,2014-05-01,163.66,2014,5,56968,202923873.3,5.2,236.918,64900,33.806,123229,68.0272146,6.3,214.3,0.09,81.5,14.1
138,2014-06-01,164.062,2014,6,56968,203093194.1,5.7,237.231,64900,33.806,123229,68.155209,6.1,214.5,0.1,81.5,14.1
139,2014-07-01,164.577,2014,7,57536,203116450.8,6.2,237.498,64900,33.806,123229,68.1709872,6.2,214.8,0.09,81.5,14.1
140,2014-08-01,165.215,2014,8,57536,203209765,5.4,237.46,64900,33.806,123229,68.2260949,6.1,215.5,0.09,81.5,14.1
141,2014-09-01,165.905,2014,9,57536,203253731.1,5.4,237.477,64900,33.806,123229,68.2827254,5.9,215.7,0.09,81.5,14.1
142,2014-10-01,166.642,2014,10,57702,203283833.6,5.3,237.43,64900,33.806,123229,68.5808014,5.7,215.9,0.09,81.5,14.1
143,2014-11-01,167.335,2014,11,57702,203371703.6,5.7,236.983,64900,33.806,123229,68.5203802,5.8,215.8,0.09,81.5,14.1
144,2014-12-01,168.05,2014,12,57702,203426054.9,5.1,236.252,64900,33.806,123229,68.4833827,5.6,215.5,0.12,81.5,14.1
145,2015-01-01,168.634,2015,1,58121,203882371.3,4.8,234.747,68410,34.859,124587,68.5450165,5.7,215.8,0.11,81.7,14.3
146,2015-02-01,169.13,2015,2,58121,203937741.6,4.5,235.342,68410,34.859,124587,68.5364758,5.5,215.3,0.11,81.7,14.3
147,2015-03-01,169.8,2015,3,58121,204002982,5.1,235.976,68410,34.859,124587,68.4294514,5.4,215,0.11,81.7,14.3
148,2015-04-01,170.298,2015,4,58376,204017514.6,4.9,236.222,68410,34.859,124587,68.6834348,5.4,214.5,0.12,81.7,14.3
149,2015-05-01,170.881,2015,5,58376,204232987.7,5,237.001,68410,34.859,124587,68.7976574,5.6,213.7,0.12,81.7,14.3
150,2015-06-01,171.469,2015,6,58376,204417752.6,5.4,237.657,68410,34.859,124587,68.6863714,5.3,213.7,0.13,81.7,14.3
151,2015-07-01,172.13,2015,7,58486,204506088.9,5.2,238.034,68410,34.859,124587,68.635879,5.2,213.7,0.13,81.7,14.3
152,2015-08-01,172.937,2015,8,58486,204556122.8,5,238.033,68410,34.859,124587,68.7572203,5.1,213.3,0.14,81.7,14.3
153,2015-09-01,173.828,2015,9,58486,204527761.7,5.9,237.498,68410,34.859,124587,68.6537386,5,212.5,0.14,81.7,14.3
154,2015-10-01,174.792,2015,10,58470,204580177.1,5.6,237.733,68410,34.859,124587,68.7280497,5,212.4,0.12,81.7,14.3
155,2015-11-01,175.739,2015,11,58470,204606894.7,5.5,238.017,68410,34.859,124587,68.8785735,5.1,211.7,0.12,81.7,14.3
156,2015-12-01,176.543,2015,12,58470,204720548.4,5.1,237.761,68410,34.859,124587,69.0811375,5,210.9,0.24,81.7,14.3
157,2016-01-01,177.274,2016,1,58704,205109771.4,5.6,237.652,70840,37.55,125819,69.1886074,4.8,211.4,0.34,81.9,14.7
158,2016-02-01,177.649,2016,2,58704,205162885.8,5.5,237.336,70840,37.55,125819,69.2629503,4.9,211.3,0.38,81.9,14.7
159,2016-03-01,178.164,2016,3,58704,205294868.1,5.5,238.08,70840,37.55,125819,69.2818867,5,211.6,0.36,81.9,14.7
160,2016-04-01,178.767,2016,4,58787,205241855.3,5,238.992,70840,37.55,125819,69.1738163,5.1,212.7,0.37,81.9,14.7
161,2016-05-01,179.43,2016,5,58787,205444475.6,5.1,239.557,70840,37.55,125819,69.2889132,4.8,213.7,0.37,81.9,14.7
162,2016-06-01,180.082,2016,6,58787,205611840.1,5.3,240.222,70840,37.55,125819,69.1990372,4.9,214.6,0.38,81.9,14.7
163,2016-07-01,180.832,2016,7,59084,205721546.2,4.5,240.101,70840,37.55,125819,69.2857848,4.8,215.3,0.39,81.9,14.7
164,2016-08-01,181.852,2016,8,59084,205719976,5,240.545,70840,37.55,125819,69.3821972,4.9,216,0.4,81.9,14.7
165,2016-09-01,182.824,2016,9,59084,205746285.8,5.2,241.176,70840,37.55,125819,69.4284366,5,215.3,0.4,81.9,14.7
166,2016-10-01,183.751,2016,10,59296,205823439.4,5.2,241.741,70840,37.55,125819,69.4296361,4.9,214.8,0.4,81.9,14.7
167,2016-11-01,184.759,2016,11,59296,205811828.2,5.2,242.026,70840,37.55,125819,69.5548925,4.7,214.5,0.41,81.9,14.7
168,2016-12-01,185.722,2016,12,59296,205949625.6,5.4,242.637,70840,37.55,125819,69.5650995,4.7,215.5,0.54,81.9,14.7
169,2017-01-01,186.805,2017,1,59494,205344403.8,5.4,243.618,72090,35.771,126224,69.6460677,4.7,217.3,0.65,82.1,15.1
170,2017-02-01,187.315,2017,2,59494,205351513.9,5.3,244.006,72090,35.771,126224,69.7170664,4.6,218.8,0.66,82.1,15.1
171,2017-03-01,187.993,2017,3,59494,205267918.4,5,243.892,72090,35.771,126224,70.010738,4.4,219.7,0.79,82.1,15.1
172,2017-04-01,188.725,2017,4,59736,205393193.9,5.4,244.193,72090,35.771,126224,70.0872839,4.4,221,0.9,82.1,15.1
173,2017-05-01,189.617,2017,5,59736,205502426.8,5.1,244.004,72090,35.771,126224,70.0084893,4.4,221.7,0.91,82.1,15.1
174,2017-06-01,190.51,2017,6,59736,205687226.3,5.3,244.163,72090,35.771,126224,70.0974039,4.3,221.9,1.04,82.1,15.1
175,2017-07-01,191.452,2017,7,60099,205738306.6,5.8,244.243,72090,35.771,126224,70.1762977,4.3,221.9,1.15,82.1,15.1
176,2017-08-01,192.665,2017,8,60099,205719781.1,6.1,245.183,72090,35.771,126224,70.1481057,4.4,222.4,1.16,82.1,15.1
177,2017-09-01,193.759,2017,9,60099,205689659.7,5.3,246.435,72090,35.771,126224,70.4777273,4.3,223.1,1.15,82.1,15.1
178,2017-10-01,194.804,2017,10,60674,205674728.2,5.5,246.626,72090,35.771,126224,70.2642775,4.2,223.9,1.15,82.1,15.1
179,2017-11-01,195.955,2017,11,60674,205660685.3,4.8,247.284,72090,35.771,126224,70.3005251,4.2,223.9,1.16,82.1,15.1
180,2017-12-01,197.172,2017,12,60674,205804333.9,5.6,247.805,72090,35.771,126224,70.2819146,4.1,224.1,1.3,82.1,15.1
181,2018-01-01,198.315,2018,1,61093,206344543.1,6,248.859,73030,38.859,127586,70.319135,4,225.8,1.41,82.3,15.4
182,2018-02-01,199.232,2018,2,61093,206312186.6,5.7,249.529,73030,38.859,127586,70.6030906,4.1,228.7,1.42,82.3,15.4
183,2018-03-01,199.966,2018,3,61093,206372831.7,5.2,249.577,73030,38.859,127586,70.5530374,4,231.3,1.51,82.3,15.4
184,2018-04-01,200.658,2018,4,61336,206276661.9,5.6,250.227,73030,38.859,127586,70.571918,4,232.4,1.69,82.3,15.4
185,2018-05-01,201.425,2018,5,61336,206525473.4,5.5,250.792,73030,38.859,127586,70.7344045,3.8,236.8,1.7,82.3,15.4
186,2018-06-01,202.233,2018,6,61336,206659173.8,5.8,251.018,73030,38.859,127586,70.6966935,4,239.2,1.82,82.3,15.4
187,2018-07-01,202.913,2018,7,61622,206655624.8,6,251.214,73030,38.859,127586,70.8660428,3.8,239.6,1.91,82.3,15.4
188,2018-08-01,203.689,2018,8,61622,206658042.8,6.5,251.663,73030,38.859,127586,70.5653144,3.8,239.4,1.91,82.3,15.4
189,2018-09-01,204.349,2018,9,61622,206634780.4,6.6,252.182,73030,38.859,127586,70.7669973,3.7,240,1.95,82.3,15.4
190,2018-10-01,205.112,2018,10,61619,206625758,7.2,252.772,73030,38.859,127586,70.9317946,3.8,238.7,2.19,82.3,15.4
191,2018-11-01,205.669,2018,11,61619,206649232.1,6.4,252.594,73030,38.859,127586,70.9958107,3.8,238.8,2.2,82.3,15.4
192,2018-12-01,206.156,2018,12,61619,206768336.7,7.6,252.767,73030,38.859,127586,70.9968625,3.9,238.3,2.27,82.3,15.4
193,2019-01-01,206.539,2019,1,61889,206195133,7,252.718,78250,40.185,128579,71.0157573,4,238.5,2.4,82.5,15.8
194,2019-02-01,206.862,2019,2,61889,206161240.5,6.4,253.322,78250,40.185,128579,71.0443937,3.8,238.1,2.4,82.5,15.8
195,2019-03-01,207.066,2019,3,61889,206102863.9,5.7,254.202,78250,40.185,128579,71.0708265,3.8,238.1,2.41,82.5,15.8
196,2019-04-01,207.513,2019,4,62331,206172550.8,5.8,255.211,78250,40.185,128579,71.1359885,3.6,237.2,2.42,82.5,15.8
197,2019-05-01,208.136,2019,5,62331,206450918,6.7,255.29,78250,40.185,128579,71.144301,3.7,237.3,2.39,82.5,15.8
198,2019-06-01,208.649,2019,6,62331,206561471.8,5.2,255.159,78250,40.185,128579,71.2421785,3.6,236.3,2.38,82.5,15.8
199,2019-07-01,209.287,2019,7,62945,206406247.3,5.9,255.685,78250,40.185,128579,71.2659065,3.7,235.6,2.4,82.5,15.8
200,2019-08-01,210.093,2019,8,62945,206400190.5,5.4,256.059,78250,40.185,128579,71.4160442,3.7,234.4,2.13,82.5,15.8
201,2019-09-01,210.904,2019,9,62945,206317796,5.4,256.511,78250,40.185,128579,71.7179124,3.5,234.4,2.04,82.5,15.8
202,2019-10-01,211.791,2019,10,63257,206248793.3,5.3,257.244,78250,40.185,128579,71.7250564,3.6,233.8,1.83,82.5,15.8
203,2019-11-01,212.787,2019,11,63257,206324586.9,5.4,257.803,78250,40.185,128579,71.7121444,3.6,232.8,1.55,82.5,15.8
204,2019-12-01,213.933,2019,12,63257,206397971.6,5.6,258.616,78250,40.185,128579,71.6973468,3.6,232.2,1.55,82.5,15.8
205,2020-01-01,214.994,2020,1,62333,205738360.6,5.7,259.037,76660,44.147,128451,71.7710384,3.5,233.4,1.55,82.7,16.2
206,2020-02-01,215.864,2020,2,62333,205608674.6,5.6,259.248,76660,44.147,128451,71.7923846,3.5,234.6,1.58,82.7,16.2
207,2020-03-01,216.402,2020,3,62333,205444402,6.5,258.124,76660,44.147,128451,70.5495798,4.4,236.3,0.65,82.7,16.2
208,2020-04-01,216.812,2020,4,57386,206991879.7,6.9,256.092,76660,44.147,128451,60.1938562,14.7,234.3,0.05,82.7,16.2
209,2020-05-01,216.98,2020,5,57386,206806811.9,5.4,255.868,76660,44.147,128451,62.2314979,13.2,233.3,0.05,82.7,16.2
210,2020-06-01,217.616,2020,6,57386,205516631.8,3.8,256.986,76660,44.147,128451,64.7592756,11,234.8,0.08,82.7,16.2
211,2020-07-01,219.378,2020,7,61806,205383291.4,3.4,258.278,76660,44.147,128451,65.3703854,10.2,237,0.09,82.7,16.2
212,2020-08-01,222.391,2020,8,61806,205756722,3.3,259.411,76660,44.147,128451,66.8491382,8.4,240.9,0.1,82.7,16.2
213,2020-09-01,225.837,2020,9,61806,206102392.9,3.4,260.029,76660,44.147,128451,66.9215988,7.9,246.9,0.09,82.7,16.2
214,2020-10-01,229.753,2020,10,62414,206062967.9,3.3,260.286,76660,44.147,128451,67.9099807,6.9,246.4,0.09,82.7,16.2
215,2020-11-01,233.208,2020,11,62414,206157848.3,4,260.813,76660,44.147,128451,67.824584,6.7,244.3,0.09,82.7,16.2
216,2020-12-01,236.486,2020,12,62414,206072530.6,4.1,262.035,76660,44.147,128451,67.921318,6.7,248,0.09,82.7,16.2
217,2021-01-01,239.56,2021,1,63227,204942957.9,4,262.65,76330,45.299,129224,68.1900811,6.3,256.4,0.09,82.9,16.7
218,2021-02-01,242.369,2021,2,63227,204900632.5,4.9,263.638,76330,45.299,129224,68.4174665,6.2,264.6,0.08,82.9,16.7
219,2021-03-01,245.465,2021,3,63227,205013086.6,4.4,264.914,76330,45.299,129224,68.570772,6.1,276.7,0.07,82.9,16.7
220,2021-04-01,249.07,2021,4,64157,205390471,4.7,266.67,76330,45.299,129224,68.6559928,6.1,291.8,0.07,82.9,16.7
221,2021-05-01,253.407,2021,5,64157,205611509.1,5.6,268.444,76330,45.299,129224,68.9641625,5.8,305.9,0.06,82.9,16.7
222,2021-06-01,258.358,2021,6,64157,205376626,5.8,270.559,76330,45.299,129224,69.0899086,5.9,315.7,0.08,82.9,16.7
223,2021-07-01,262.82,2021,7,64615,205344083.1,5.7,271.764,76330,45.299,129224,69.6674807,5.4,313.542,0.1,82.9,16.7
224,2021-08-01,266.845,2021,8,64615,205334928.6,6.5,272.87,76330,45.299,129224,69.6683834,5.2,313.083,0.09,82.9,16.7
225,2021-09-01,270.377,2021,9,64615,205452287.6,6,274.028,76330,45.299,129224,69.9368627,4.8,317.136,0.08,82.9,16.7
226,2021-10-01,273.725,2021,10,65651,205370913.4,6.8,276.522,76330,45.299,129224,70.215608,4.5,322.12,0.08,82.9,16.7
227,2021-11-01,277.21,2021,11,65651,205364326.7,6,278.711,76330,45.299,129224,70.6463691,4.2,328.94,0.08,82.9,16.7
228,2021-12-01,281.342,2021,12,65651,205320479.4,5.6,280.887,76330,45.299,129224,70.8055324,3.9,335.032,0.08,82.9,16.7
229,2022-01-01,285.924,2022,1,65286,207106806.9,5.8,282.599,74580,48.021,131202,70.7600098,4,345.742,0.08,83.1,17.1
230,2022-02-01,291.153,2022,2,65286,207104221.8,6.2,284.61,74580,48.021,131202,70.9005027,3.8,343.583,0.08,83.1,17.1
231,2022-03-01,296.445,2022,3,65286,207013003.7,7,287.472,74580,48.021,131202,71.266867,3.6,345.852,0.2,83.1,17.1
232,2022-04-01,300.573,2022,4,65127,207064955.4,8.5,288.611,74580,48.021,131202,71.222821,3.6,343.786,0.33,83.1,17.1
233,2022-05-01,303.762,2022,5,65127,207270515.8,8.3,291.268,74580,48.021,131202,71.3707749,3.6,353.015,0.77,83.1,17.1
234,2022-06-01,304.724,2022,6,65127,207394728.3,9.5,294.728,74580,48.021,131202,71.2286844,3.6,349.8,1.21,83.1,17.1
235,2022-07-01,303.879,2022,7,65462,207407819.6,10.1,294.628,74580,48.021,131202,71.3161809,3.5,346.79,1.68,83.1,17.1
236,2022-08-01,301.473,2022,8,65462,207370651,8.7,295.32,74580,48.021,131202,71.4525589,3.7,342.753,2.33,83.1,17.1
237,2022-09-01,299.353,2022,9,65462,207453580.5,9.7,296.539,74580,48.021,131202,71.4188772,3.5,336.464,2.56,83.1,17.1
238,2022-10-01,298.873,2022,10,65783,207431164.7,9.7,297.987,74580,48.021,131202,71.2737726,3.7,333.796,3.08,83.1,17.1
239,2022-11-01,298.269,2022,11,65783,207521914.2,9.4,298.598,74580,48.021,131202,71.334177,3.6,330.369,3.78,83.1,17.1
240,2022-12-01,297.413,2022,12,65783,207524486.3,8.5,298.99,74580,48.021,131202,71.5870713,3.5,326.449,4.1,83.1,17.1
241,2023-01-01,297.03,2023,1,66078,208146215.8,0,300.536,74580,48.021,131434,71.7055091,3.4,327.338,4.33,0.0,0.0
242,2023-02-01,297.537,2023,2,66078,208253373.2,0,301.648,74580,48.021,131434,71.7417106,3.6,330.532,4.57,0.0,0.0
243,2023-03-01,298.637,2023,3,66078,208290967.2,0,301.808,74580,48.021,131434,71.8974825,3.5,331.729,4.65,0.0,0.0
244,2023-04-01,300.213,2023,4,66341,208392885.8,0,302.918,74580,48.021,131434,71.9822651,3.4,333.366,4.83,0.0,0.0
245,2023-05-01,302.566,2023,5,66341,208612844.2,0,303.294,74580,48.021,131434,71.9329813,3.7,337.473,5.06,0.0,0.0
246,2023-06-01,304.593,2023,6,66341,208706920,0,303.841,74580,48.021,131434,71.9932422,3.6,337.336,5.08,0.0,0.0
247,2023-07-01,306.767,2023,7,67083,208779237.3,0,304.348,74580,48.021,131434,71.9535234,3.5,334.512,5.12,0.0,0.0
248,2023-08-01,309.155,2023,8,67083,208906586.8,0,306.269,74580,48.021,131434,72.0554705,3.8,333.786,5.33,0.0,0.0
249,2023-09-01,311.175,2023,9,67083,209117169.8,0,307.481,74580,48.021,131434,72.0540786,3.8,332.084,5.33,0.0,0.0
250,2023-10-01,311.175,2023,10,67083,209039442.2,0,307.619,74580,48.021,131434,71.979163,3.9,328.721,5.33,0.0,0.0
251,2023-11-01,311.175,2023,11,67083,209039442.2,0,307.917,74580,48.021,131434,71.979163,3.7,327.242,5.33,0.0,0.0
252,2023-12-01,311.175,2023,12,67083,209039442.2,0,307.917,74580,48.021,131434,71.979163,3.7,327.242,5.33,0.0,0.0